{
  "version": "1.0.0",
  "lastUpdated": "2026-01-19",
  "countries": {
    "DZ": {"name": "الجزائر", "capital": "الجزائر"},
    "AO": {"name": "أنغولا", "capital": "لواندا"},
    "BJ": {"name": "بنين", "capital": "بورتو نوفو"},
    "BW": {"name": "بوتسوانا", "capital": "غابورون"},
    "BF": {"name": "بوركينا فاسو", "capital": "واغادوغو"},
    "BI": {"name": "بوروندي", "capital": "بوجومبورا"},
    "CV": {"name": "الرأس الأخضر", "capital": "برايا"},
    "CM": {"name": "الكاميرون", "capital": "ياوندي"},
    "CF": {"name": "جمهورية أفريقيا الوسطى", "capital": "بانغي"},
    "TD": {"name": "تشاد", "capital": "نجامينا"},
    "KM": {"name": "جزر القمر", "capital": "موروني"},
    "CG": {"name": "الكونغو", "capital": "برازافيل"},
    "CD": {"name": "جمهورية الكونغو الديمقراطية", "capital": "كينشاسا"},
    "DJ": {"name": "جيبوتي", "capital": "جيبوتي"},
    "EG": {"name": "مصر", "capital": "القاهرة"},
    "GQ": {"name": "غينيا الاستوائية", "capital": "مالابو"},
    "ER": {"name": "إريتريا", "capital": "أسمرة"},
    "SZ": {"name": "إسواتيني", "capital": "مبابان"},
    "ET": {"name": "إثيوبيا", "capital": "أديس أبابا"},
    "GA": {"name": "الغابون", "capital": "ليبرفيل"},
    "GM": {"name": "غامبيا", "capital": "بانجول"},
    "GH": {"name": "غانا", "capital": "أكرا"},
    "GN": {"name": "غينيا", "capital": "كوناكري"},
    "GW": {"name": "غينيا بيساو", "capital": "بيساو"},
    "CI": {"name": "ساحل العاج", "capital": "ياموسوكرو"},
    "KE": {"name": "كينيا", "capital": "نيروبي"},
    "LS": {"name": "ليسوتو", "capital": "ماسيرو"},
    "LR": {"name": "ليبيريا", "capital": "مونروفيا"},
    "LY": {"name": "ليبيا", "capital": "طرابلس"},
    "MG": {"name": "مدغشقر", "capital": "أنتاناناريفو"},
    "MW": {"name": "ملاوي", "capital": "ليلونغوي"},
    "ML": {"name": "مالي", "capital": "باماكو"},
    "MR": {"name": "موريتانيا", "capital": "نواكشوط"},
    "MU": {"name": "موريشيوس", "capital": "بورت لويس"},
    "MA": {"name": "المغرب", "capital": "الرباط"},
    "MZ": {"name": "موزمبيق", "capital": "مابوتو"},
    "NA": {"name": "ناميبيا", "capital": "ويندهوك"},
    "NE": {"name": "النيجر", "capital": "نيامي"},
    "NG": {"name": "نيجيريا", "capital": "أبوجا"},
    "RW": {"name": "رواندا", "capital": "كيغالي"},
    "ST": {"name": "ساو تومي وبرينسيب", "capital": "ساو تومي"},
    "SN": {"name": "السنغال", "capital": "داكار"},
    "SC": {"name": "سيشل", "capital": "فيكتوريا"},
    "SL": {"name": "سيراليون", "capital": "فريتاون"},
    "SO": {"name": "الصومال", "capital": "مقديشو"},
    "ZA": {"name": "جنوب أفريقيا", "capital": "بريتوريا"},
    "SS": {"name": "جنوب السودان", "capital": "جوبا"},
    "SD": {"name": "السودان", "capital": "الخرطوم"},
    "TZ": {"name": "تنزانيا", "capital": "دودوما"},
    "TG": {"name": "توغو", "capital": "لومي"},
    "TN": {"name": "تونس", "capital": "تونس"},
    "UG": {"name": "أوغندا", "capital": "كمبالا"},
    "ZM": {"name": "زامبيا", "capital": "لوساكا"},
    "ZW": {"name": "زيمبابوي", "capital": "هراري"},
    "AF": {"name": "أفغانستان", "capital": "كابل"},
    "AM": {"name": "أرمينيا", "capital": "يريفان"},
    "AZ": {"name": "أذربيجان", "capital": "باكو"},
    "BH": {"name": "البحرين", "capital": "المنامة"},
    "BD": {"name": "بنغلاديش", "capital": "دكا"},
    "BT": {"name": "بوتان", "capital": "تيمفو"},
    "BN": {"name": "بروناي", "capital": "بندر سري بكاوان"},
    "KH": {"name": "كمبوديا", "capital": "بنوم بنه"},
    "CN": {"name": "الصين", "capital": "بكين"},
    "CY": {"name": "قبرص", "capital": "نيقوسيا"},
    "GE": {"name": "جورجيا", "capital": "تبليسي"},
    "IN": {"name": "الهند", "capital": "نيودلهي"},
    "ID": {"name": "إندونيسيا", "capital": "جاكرتا"},
    "IR": {"name": "إيران", "capital": "طهران"},
    "IQ": {"name": "العراق", "capital": "بغداد"},
    "IL": {"name": "إسرائيل", "capital": "القدس"},
    "JP": {"name": "اليابان", "capital": "طوكيو"},
    "JO": {"name": "المملكة الأردنية الهاشمية", "capital": "عمّان"},
    "KZ": {"name": "كازاخستان", "capital": "نور سلطان"},
    "KW": {"name": "الكويت", "capital": "الكويت"},
    "KG": {"name": "قيرغيزستان", "capital": "بيشكك"},
    "LA": {"name": "لاوس", "capital": "فيينتيان"},
    "LB": {"name": "لبنان", "capital": "بيروت"},
    "MY": {"name": "ماليزيا", "capital": "كوالالمبور"},
    "MV": {"name": "المالديف", "capital": "ماليه"},
    "MN": {"name": "منغوليا", "capital": "أولان باتور"},
    "MM": {"name": "ميانمار", "capital": "نايبيداو"},
    "NP": {"name": "نيبال", "capital": "كاتماندو"},
    "KP": {"name": "كوريا الشمالية", "capital": "بيونغ يانغ"},
    "OM": {"name": "عمان", "capital": "مسقط"},
    "PK": {"name": "باكستان", "capital": "إسلام أباد"},
    "PS": {"name": "فلسطين", "capital": "رام الله"},
    "PH": {"name": "الفلبين", "capital": "مانيلا"},
    "QA": {"name": "قطر", "capital": "الدوحة"},
    "SA": {"name": "المملكة العربية السعودية", "capital": "الرياض"},
    "SG": {"name": "سنغافورة", "capital": "سنغافورة"},
    "KR": {"name": "كوريا الجنوبية", "capital": "سيول"},
    "LK": {"name": "سريلانكا", "capital": "سري جاياواردنابورا كوتي"},
    "SY": {"name": "سوريا", "capital": "دمشق"},
    "TW": {"name": "تايوان", "capital": "تايبيه"},
    "TJ": {"name": "طاجيكستان", "capital": "دوشانبي"},
    "TH": {"name": "تايلاند", "capital": "بانكوك"},
    "TL": {"name": "تيمور الشرقية", "capital": "ديلي"},
    "TR": {"name": "تركيا", "capital": "أنقرة"},
    "TM": {"name": "تركمانستان", "capital": "عشق أباد"},
    "AE": {"name": "الإمارات العربية المتحدة", "capital": "أبو ظبي"},
    "UZ": {"name": "أوزبكستان", "capital": "طشقند"},
    "VN": {"name": "فيتنام", "capital": "هانوي"},
    "YE": {"name": "اليمن", "capital": "صنعاء"},
    "AL": {"name": "ألبانيا", "capital": "تيرانا"},
    "AD": {"name": "أندورا", "capital": "أندورا لا فيلا"},
    "AT": {"name": "النمسا", "capital": "فيينا"},
    "BY": {"name": "بيلاروسيا", "capital": "مينسك"},
    "BE": {"name": "بلجيكا", "capital": "بروكسل"},
    "BA": {"name": "البوسنة والهرسك", "capital": "سراييفو"},
    "BG": {"name": "بلغاريا", "capital": "صوفيا"},
    "HR": {"name": "كرواتيا", "capital": "زغرب"},
    "CZ": {"name": "التشيك", "capital": "براغ"},
    "DK": {"name": "الدنمارك", "capital": "كوبنهاغن"},
    "EE": {"name": "إستونيا", "capital": "تالين"},
    "FI": {"name": "فنلندا", "capital": "هلسنكي"},
    "FR": {"name": "فرنسا", "capital": "باريس"},
    "DE": {"name": "ألمانيا", "capital": "برلين"},
    "GR": {"name": "اليونان", "capital": "أثينا"},
    "HU": {"name": "المجر", "capital": "بودابست"},
    "IS": {"name": "آيسلندا", "capital": "ريكيافيك"},
    "IE": {"name": "أيرلندا", "capital": "دبلن"},
    "IT": {"name": "إيطاليا", "capital": "روما"},
    "XK": {"name": "كوسوفو", "capital": "بريشتينا"},
    "LV": {"name": "لاتفيا", "capital": "ريغا"},
    "LI": {"name": "ليختنشتاين", "capital": "فادوز"},
    "LT": {"name": "ليتوانيا", "capital": "فيلنيوس"},
    "LU": {"name": "لوكسمبورغ", "capital": "لوكسمبورغ"},
    "MT": {"name": "مالطا", "capital": "فاليتا"},
    "MD": {"name": "مولدوفا", "capital": "كيشيناو"},
    "MC": {"name": "موناكو", "capital": "موناكو"},
    "ME": {"name": "الجبل الأسود", "capital": "بودغوريتسا"},
    "NL": {"name": "هولندا", "capital": "أمستردام"},
    "MK": {"name": "مقدونيا الشمالية", "capital": "سكوبيه"},
    "NO": {"name": "النرويج", "capital": "أوسلو"},
    "PL": {"name": "بولندا", "capital": "وارسو"},
    "PT": {"name": "البرتغال", "capital": "لشبونة"},
    "RO": {"name": "رومانيا", "capital": "بوخارست"},
    "RU": {"name": "روسيا", "capital": "موسكو"},
    "SM": {"name": "سان مارينو", "capital": "سان مارينو"},
    "RS": {"name": "صربيا", "capital": "بلغراد"},
    "SK": {"name": "سلوفاكيا", "capital": "براتيسلافا"},
    "SI": {"name": "سلوفينيا", "capital": "ليوبليانا"},
    "ES": {"name": "إسبانيا", "capital": "مدريد"},
    "SE": {"name": "السويد", "capital": "ستوكهولم"},
    "CH": {"name": "سويسرا", "capital": "برن"},
    "UA": {"name": "أوكرانيا", "capital": "كييف"},
    "GB": {"name": "المملكة المتحدة", "capital": "لندن"},
    "VA": {"name": "الفاتيكان", "capital": "الفاتيكان"},
    "AG": {"name": "أنتيغوا وباربودا", "capital": "سانت جونز"},
    "BS": {"name": "الباهاما", "capital": "ناساو"},
    "BB": {"name": "باربادوس", "capital": "بريدجتاون"},
    "BZ": {"name": "بليز", "capital": "بلموبان"},
    "CA": {"name": "كندا", "capital": "أوتاوا"},
    "CR": {"name": "كوستاريكا", "capital": "سان خوسيه"},
    "CU": {"name": "كوبا", "capital": "هافانا"},
    "DM": {"name": "دومينيكا", "capital": "روسو"},
    "DO": {"name": "جمهورية الدومينيكان", "capital": "سانتو دومينغو"},
    "SV": {"name": "السلفادور", "capital": "سان سلفادور"},
    "GD": {"name": "غرينادا", "capital": "سانت جورج"},
    "GT": {"name": "غواتيمالا", "capital": "غواتيمالا"},
    "HT": {"name": "هايتي", "capital": "بورت أو برنس"},
    "HN": {"name": "هندوراس", "capital": "تيغوسيغالبا"},
    "JM": {"name": "جامايكا", "capital": "كينغستون"},
    "MX": {"name": "المكسيك", "capital": "مكسيكو سيتي"},
    "NI": {"name": "نيكاراغوا", "capital": "ماناغوا"},
    "PA": {"name": "بنما", "capital": "بنما"},
    "KN": {"name": "سانت كيتس ونيفيس", "capital": "باستير"},
    "LC": {"name": "سانت لوسيا", "capital": "كاستريس"},
    "VC": {"name": "سانت فنسنت والغرينادين", "capital": "كينغستاون"},
    "TT": {"name": "ترينيداد وتوباغو", "capital": "بورت أوف سبين"},
    "US": {"name": "الولايات المتحدة", "capital": "واشنطن"},
    "AR": {"name": "الأرجنتين", "capital": "بوينس آيرس"},
    "BO": {"name": "بوليفيا", "capital": "سوكري"},
    "BR": {"name": "البرازيل", "capital": "برازيليا"},
    "CL": {"name": "تشيلي", "capital": "سانتياغو"},
    "CO": {"name": "كولومبيا", "capital": "بوغوتا"},
    "EC": {"name": "الإكوادور", "capital": "كيتو"},
    "GY": {"name": "غيانا", "capital": "جورج تاون"},
    "PY": {"name": "باراغواي", "capital": "أسونسيون"},
    "PE": {"name": "بيرو", "capital": "ليما"},
    "SR": {"name": "سورينام", "capital": "باراماريبو"},
    "UY": {"name": "أوروغواي", "capital": "مونتيفيديو"},
    "VE": {"name": "فنزويلا", "capital": "كاراكاس"},
    "AU": {"name": "أستراليا", "capital": "كانبرا"},
    "FJ": {"name": "فيجي", "capital": "سوفا"},
    "KI": {"name": "كيريباتي", "capital": "تاراوا"},
    "MH": {"name": "جزر مارشال", "capital": "ماجورو"},
    "FM": {"name": "ميكرونيزيا", "capital": "باليكير"},
    "NR": {"name": "ناورو", "capital": "يارين"},
    "NZ": {"name": "نيوزيلندا", "capital": "ويلينغتون"},
    "PW": {"name": "بالاو", "capital": "نغيرولمود"},
    "PG": {"name": "بابوا غينيا الجديدة", "capital": "بورت مورسبي"},
    "WS": {"name": "ساموا", "capital": "أبيا"},
    "SB": {"name": "جزر سليمان", "capital": "هونيارا"},
    "TO": {"name": "تونغا", "capital": "نوكو ألوفا"},
    "TV": {"name": "توفالو", "capital": "فونافوتي"},
    "VU": {"name": "فانواتو", "capital": "بورت فيلا"},
    "NC": {"name": "كاليدونيا الجديدة", "capital": null},
    "CK": {"name": "جزر كوك", "capital": null},
    "GU": {"name": "غوام", "capital": null},
    "AS": {"name": "ساموا الأمريكية", "capital": null},
    "MP": {"name": "جزر ماريانا الشمالية", "capital": null},
    "NU": {"name": "نييوي", "capital": null},
    "TK": {"name": "توكيلاو", "capital": null},
    "WF": {"name": "واليس وفوتونا", "capital": null},
    "PF": {"name": "بولينيزيا الفرنسية", "capital": null},
    "PN": {"name": "جزر بيتكيرن", "capital": null},
    "NF": {"name": "جزيرة نورفولك", "capital": null},
    "AQ": {"name": "القارة القطبية الجنوبية", "capital": null},
    "GS": {"name": "جورجيا الجنوبية وجزر ساندويتش الجنوبية", "capital": null},
    "BV": {"name": "جزيرة بوفيه", "capital": null},
    "HM": {"name": "جزيرة هيرد وجزر ماكدونالد", "capital": null},
    "TF": {"name": "الأراضي الفرنسية الجنوبية", "capital": null},
    "AI": {"name": "أنغويلا", "capital": null},
    "AW": {"name": "أروبا", "capital": null},
    "BM": {"name": "برمودا", "capital": null},
    "BQ": {"name": "الجزر الكاريبية الهولندية", "capital": null},
    "VG": {"name": "جزر العذراء البريطانية", "capital": null},
    "VI": {"name": "جزر العذراء الأمريكية", "capital": null},
    "KY": {"name": "جزر كايمان", "capital": null},
    "CW": {"name": "كوراساو", "capital": null},
    "FK": {"name": "جزر فوكلاند", "capital": null},
    "GF": {"name": "غويانا الفرنسية", "capital": null},
    "GL": {"name": "غرينلاند", "capital": null},
    "GP": {"name": "غوادلوب", "capital": null},
    "MQ": {"name": "مارتينيك", "capital": null},
    "MS": {"name": "مونتسرات", "capital": null},
    "PR": {"name": "بورتوريكو", "capital": null},
    "BL": {"name": "سان بارتيليمي", "capital": null},
    "MF": {"name": "سانت مارتن", "capital": null},
    "PM": {"name": "سان بيير وميكلون", "capital": null},
    "SX": {"name": "سينت مارتن", "capital": null},
    "TC": {"name": "جزر تركس وكايكوس", "capital": null},
    "CC": {"name": "جزر كوكوس", "capital": null},
    "CX": {"name": "جزيرة الكريسماس", "capital": null},
    "IO": {"name": "إقليم المحيط الهندي البريطاني", "capital": null},
    "YT": {"name": "مايوت", "capital": null},
    "RE": {"name": "ريونيون", "capital": null},
    "AX": {"name": "جزر آلاند", "capital": null},
    "FO": {"name": "جزر فارو", "capital": null},
    "GI": {"name": "جبل طارق", "capital": null},
    "GG": {"name": "غيرنزي", "capital": null},
    "IM": {"name": "جزيرة مان", "capital": null},
    "JE": {"name": "جيرزي", "capital": null},
    "SJ": {"name": "سفالبارد ويان ماين", "capital": null},
    "HK": {"name": "هونغ كونغ", "capital": null},
    "MO": {"name": "ماكاو", "capital": null},
    "EH": {"name": "الصحراء الغربية", "capital": null},
    "UM": {"name": "جزر الولايات المتحدة الصغيرة النائية", "capital": null}
  },
  "regions": {
    "Africa": "أفريقيا",
    "Americas": "الأمريكتين",
    "Antarctic": "القارة القطبية الجنوبية",
    "Asia": "آسيا",
    "Europe": "أوروبا",
    "Oceania": "أوقيانوسيا"
  },
  "subregions": {
    "Northern Africa": "شمال أفريقيا",
    "Eastern Africa": "شرق أفريقيا",
    "Middle Africa": "وسط أفريقيا",
    "Southern Africa": "جنوب أفريقيا",
    "Western Africa": "غرب أفريقيا",
    "Caribbean": "الكاريبي",
    "Central America": "أمريكا الوسطى",
    "North America": "أمريكا الشمالية",
    "South America": "أمريكا الجنوبية",
    "Central Asia": "آسيا الوسطى",
    "Eastern Asia": "شرق آسيا",
    "South-Eastern Asia": "جنوب شرق آسيا",
    "Southern Asia": "جنوب آسيا",
    "Western Asia": "غرب آسيا",
    "Eastern Europe": "أوروبا الشرقية",
    "Northern Europe": "أوروبا الشمالية",
    "Southern Europe": "أوروبا الجنوبية",
    "Western Europe": "أوروبا الغربية",
    "Australia and New Zealand": "أستراليا ونيوزيلندا",
    "Melanesia": "ميلانيزيا",
    "Micronesia": "ميكرونيزيا",
    "Polynesia": "بولينيزيا"
  },
  "continents": {
    "Africa": "أفريقيا",
    "Antarctica": "القارة القطبية الجنوبية",
    "Asia": "آسيا",
    "Europe": "أوروبا",
    "North America": "أمريكا الشمالية",
    "South America": "أمريكا الجنوبية",
    "Oceania": "أوقيانوسيا"
  }
}
